{"cameraMode":{"drawMode":0,"name":"Shaded","section":"Shading Mode"},"sceneLighting":true,"audioPlay":false,"sceneViewState":{"m_AlwaysRefresh":false,"showFog":true,"showSkybox":true,"showFlares":true,"showImageEffects":true,"showParticleSystems":true,"showVisualEffectGraphs":true,"m_FxEnabled":true},"in2DMode":false,"pivot":{"x":-0.8044252395629883,"y":1.4851195812225342,"z":0.9925451278686523},"rotation":{"x":-0.052383944392204288,"y":0.8621699213981628,"z":-0.0911322757601738,"w":-0.4955921471118927},"size":5.196152210235596,"orthographic":false}