{"cameraMode":{"drawMode":0,"name":"Shaded","section":"Shading Mode"},"sceneLighting":true,"audioPlay":false,"sceneViewState":{"m_AlwaysRefresh":false,"showFog":true,"showSkybox":true,"showFlares":true,"showImageEffects":true,"showParticleSystems":true,"showVisualEffectGraphs":true,"m_FxEnabled":true},"in2DMode":false,"pivot":{"x":-0.5434277057647705,"y":0.19811129570007325,"z":-0.33268487453460696},"rotation":{"x":-0.032589737325906757,"y":0.8687741756439209,"z":-0.05769253522157669,"w":-0.4907577633857727},"size":8.719969749450684,"orthographic":true}